- name: Bonsall Online Arts Trail
  link: https://www.bonsallartstrail.org/
  social_link: http://www.facebook.com/bonsallartstrail
  location: Online event
  start_date: 2021-04-03
  end_date: 2021-04-04
- name: Derbyshire Open Arts in Windows
  link: https://www.derbyshireopenarts.co.uk/
  social_link: https://www.facebook.com/derbyshireOarts
  location: Ashbourne
  start_date: 2021-05-28
  end_date: 2021-05-31
- name: Potfest in the Pens
  link: https://potfest.co.uk/in-the-pens
  location: Skirsgill Auction Mart, Penrith
  start_date: 2021-07-30
  end_date: 2021-08-01
  social_link: https://www.facebook.com/PotfestPark/
- name: Ceramics in Southwell
  link: http://www.ceramicsinsouthwell.org.uk/
  location: Market Square, Southwell, Nottinghamshire, NG25 0FS
  start_date: 2021-08-29
  end_date: 2021-08-29
  social_link: https://www.facebook.com/ceramicsinsouthwell


- name: Ceramic Wales
  link: http://www.ceramicwales.co.uk/
  location: Wrexham Glyndwr University
  start_date: 2019-07
  end_date: 2019-07

- name: Wirksworth Festival Art Trail
  link: https://www.wirksworthfestival.co.uk/
  location: Wirksworth, Derbyshire, DE4 4DP
  start_date: 2019-07
  end_date: 2019-07

- name: Potfest in the Park
  link: https://potfest.co.uk/in-the-park
  location: Hutton in the Forest, Penrith
  start_date: 2013-07
  end_date: 2013-07

- name: Barnaby Festival
  link: http://www.barnabyfestival.org.uk/
  location: Tony & Guy, Macclesfield
  start_date: 2013-06
  end_date: 2013-06

- name: Cockington Court Ceramics Festival
  link: http://www.cockingtoncourt.org/whats-on/ceramics-festival
  location: Cockington Crafts Centre, Cockington,Torquay, TQ2 6XA
  start_date: 2013-05
  end_date: 2013-05

- name: East Cheshire Hospice Art Fair
  link: http://www.theartofcaring.org.uk/
  location: Town Hall, Macclesfield
  start_date: 2012-09
  end_date: 2012-10

- name: Melbourne Festival Art Trail
  link: http://www.melbournefestival.co.uk/
  location: Melbourne, Derbyshire
  start_date: 2012-09
  end_date: 2012-09

- name: Art Exeter's Summer Exhibition
  link: http://www.glossgallery.co.uk/
  location: Gloss Gallery, Exeter
  start_date: 2012-07
  end_date: 2012-09

- name: Wirksworth Festival Art Trail
  link: http://www.wirksworthfestival.co.uk/
  location: Wirksworth, Derbyshire
  start_date: 2012-09
  end_date: 2012-09

- name: Potfest in the Park
  link: https://potfest.co.uk/in-the-park
  location: Hutton in the Forest, Penrith
  start_date: 2012-07
  end_date: 2012-07

- name: Barnaby Festival
  link: http://www.barnabyfestival.org.uk/
  location: Tony and Guy, Macclesfield
  start_date: 2012-06
  end_date: 2012-06

- name: International Ceramic Market
  link: http://www.keramiekmarkt-swalmen.nl/
  location: Swalmen, Holland
  start_date: 2012-05
  end_date: 2012-05

- name: Keramiekmarkt Dwingeloo
  link: http://www.keramiekmarktdwingeloo.nl/
  location: Dwingeloo, Blesdijke, Holland
  start_date: 2012-05
  end_date: 2012-05

- name: Art in Mind
  link: http://www.art-in-mind.co.uk/
  location: The Maynard School, Exeter
  start_date: 2012-04
  end_date: 2012-04

- name: Animal Magic
  link: http://www.ferrersgallery.co.uk/
  location: Ferrers Gallery, Staunton Harold LE65 1RU
  start_date: 2012-01
  end_date: 2012-03

- name: Exhibition
  start_date: 2011-10
  end_date: 2011-12
  location: Oriel Y Capel Gallery, Llangollen, LL20 8NJ

- name: Clay Connections
  link: http://www.willowartgallery.co.uk/
  location: Willow Gallery, Oswestry
  start_date: 2011-09
  end_date: 2011-10

- name: Cymru Contemporary Crafts
  link: http://www.helfagelf.co.uk/en/cccf/
  location: Conwy Quay, N Wales
  start_date: 2011-09
  end_date: 2011-09

- name: Wirksworth Festival Makers Market
  link: http://www.wirksworthfestival.co.uk/
  location: Wirksworth, Derbyshire
  start_date: 2011-09
  end_date: 2011-09

- name: Potfest in the Park
  link: https://potfest.co.uk/in-the-park
  location: Hutton in the Forest, Penrith
  start_date: 2011-07
  end_date: 2011-07

- name: Ceramics in the window
  link: http://www.barnabyfestival.org.uk/
  location: Tony and Guy, Macclesfield
  start_date: 2011-06
  end_date: 2011-06

- name: Keramiekmarkt Dwingeloo
  link: http://www.keramiekmarktdwingeloo.nl/
  location: Dwingeloo, Blesdijke, Holland
  start_date: 2011-06
  end_date: 2011-06

- name: Clay2Day
  link: https://web.archive.org/web/20110823212839/http://www.clay2day.com/en/
  location: Keukenhof Castle, Lisse, Holland
  start_date: 2011-05
  end_date: 2011-05

- name: Clay Connections Exhibition
  link: http://www.royalexchange.org.uk/page.aspx?page=508
  location: Royal Exchange Theatre, St Anns Square Manchester
  start_date: 2011-04
  end_date: 2011-05

- name: East Cheshire Hospice Art Fair
  link: http://www.theartofcaring.org.uk/
  location: Town Hall, Macclesfield
  start_date: 2010-10
  end_date: 2010-10

- name: Cheshire Open Studios
  link: https://cheshireopenstudios.org.uk/
  location: Handforth, Cheshire
  start_date: 2010-09
  end_date: 2010-09

- name: Wirksworth Festival
  link: http://www.wirksworthfestival.co.uk/
  location: Wirksworth, Derbyshire
  start_date: 2010-09
  end_date: 2010-09

- name: Potfest in the Park
  link: https://potfest.co.uk/in-the-park
  location: Hutton in the Forest, Penrith
  start_date: 2010-07
  end_date: 2010-07

- name: Garden Art Exhibition
  link: http://www.showborough.com/
  location: Showborough House, Gloucs
  start_date: 2010-04
  end_date: 2010-06

- name: International Ceramic Market
  link: http://www.keramiekmarkt-swalmen.nl/
  location: Swalmen, Holland
  start_date: 2010-05
  end_date: 2010-05

- name: A Celebration of Art
  start_date: 2010-04
  end_date: 2010-05
  location: Maynard School, Exeter

- name: Keramiek Dagen
  link: http://goudsekeramiekdagen.nl/
  location: Gouda, Holland
  start_date: 2010-05
  end_date: 2010-05

- name: Contemporary Craft &amp; Art Event
  link: http://www.loacaart.co.uk/
  location: Bluecoat Arts Centre, Liverpool
  start_date: 2010-05
  end_date: 2010-05

- name: Lark Lane Police Station
  link: http://www.calidadevents.co.uk/larklanedates.html
  location: Liverpool, L17 8UU
  start_date: 2010-04
  end_date: 2010-04

- name: Contemporary Craft &amp; Art Event
  link: http://www.loacaart.co.uk/
  location: Bluecoat Arts Centre, Liverpool
  start_date: 2010-03
  end_date: 2010-03

- name: Heritage Market
  link: http://www.calidadevents.co.uk/heritagemarket.html
  location: Liverpool, L3 0AN
  start_date: 2010-02
  end_date: 2010-02

- name: Wirksworth Art Trail
  link: http://www.wirksworthfestival.co.uk/
  location: Wirksworth Derbyshire
  start_date: 2009-09
  end_date: 2009-09

- name: Cheshire Open Studios
  link: https://cheshireopenstudios.org.uk/
  location: Handforth, Cheshire
  start_date: 2009-09
  end_date: 2009-09

- name: Mount Pleasant gardens Sculpture Exhibition
  link: http://www.mountpleasantgardens.co.uk/sculpture-exhibition/
  location: Kelsall, Cheshire
  start_date: 2009-09
  end_date: 2009-09

- name: Cheshire Artists Network Exhibition at RHS show
  start_date: 2009-07
  end_date: 2009-07
  location: Tatton Park, Cheshire

- name: Potfest in the Park
  link: http://www.potfest.co.uk/potfestpark.htm
  location: Hutton in the Forest, Penrith
  start_date: 2009-07
  end_date: 2009-07

- name: Hot Pots
  link: http://www.earthmarque.com/index.php?page=hot-pots-2009
  location: Belvoir Castle, Leics
  start_date: 2009-05
  end_date: 2009-05

- name: Goudse Keramiek Dagen
  link: http://www.goudsekeramiekdagen.nl/
  location: Gouda, Holland
  start_date: 2009-05
  end_date: 2009-05

- name: Showborough House Affordable Garden Art
  link: http://www.showborough.com/
  location: Showborough House, Twyning, Gloucs
  start_date: 2009-05
  end_date: 2009-05

- name: Ceramics in the Round
  link: http://www.earthmarque.com/index.php?page=ceramics-in-the-round-2009
  location: The Great Dome, Buxton
  start_date: 2009-05
  end_date: 2009-05

- name: Art in Gardens
  location: Ness Gardens, Cheshire
  start_date: 2009-03
  end_date: 2009-03

- name: Farnham, Surrey
  location: Farnham, Surrey
  start_date: 2008-11
  end_date: 2008-11

- name: Potfest in the Park
  link: https://potfest.co.uk/in-the-park
  location: Hutton in the Forest, Cumbria
  start_date: 2008-07
  end_date: 2008-07

- name: Exhibition - The Sea
  link: http://www.tiendschuur.net/
  location: Keramiekcentrum, Tiendschuur, NL
  start_date: 2008-06
  end_date: 2008-06

- name: ClayArt Wales 2008
  link: http://www.clayart.org.uk/index2.htm
  location: Llanrhaeadr Hall, Denbigh, N. Wales
  start_date: 2008-05
  end_date: 2008-05

- name: Ceramics in the Round
  link: http://www.earthmarque.com/
  location: The Dome, Buxton
  start_date: 2008-05
  end_date: 2008-05

- name: Handmade
  location: 20 - 21 Visual Arts Centre, Scunthorpe
  start_date: 2007-11
  end_date: 2007-11

- name: Keramisto
  link: http://www.keramisto.nl/
  location: Milsbeek, Holland
  start_date: 2007-09
  end_date: 2007-09

- name: De Stegge
  location: Winterswijk, Holland
  start_date: 2007-09
  end_date: 2007-09

- name: Two Ladies
  location: The Ropewalk, Barton on Humber
  start_date: 2007-09
  end_date: 2007-09

- name: Art in Clay
  link: https://www.artinclay.co.uk/
  location: Hatfield House, Hertfordshire
  start_date: 2007-08
  end_date: 2007-08

- name: Potfest in the Park
  link: https://potfest.co.uk/in-the-park
  location: Hutton in the Forest, Cumbria
  start_date: 2007-07
  end_date: 2007-07

- name: Sea and Shore
  location: 20 - 21 Visual Arts Centre, Scunthorpe
  start_date: 2007-07
  end_date: 2007-07

- name: East Cheshire Hospice Art Exhibition
  link: http://www.theartofcaring.org.uk/
  location: Macclesfield Town Hall
  start_date: 2006-09
  end_date: 2006-09

- name: Ceramics in the City
  location: Geffrye Museum, London
  start_date: 2006-09
  end_date: 2006-09

- name: Art in Clay
  link: https://www.artinclay.co.uk/
  location: Hatfield House, Hertfordshire
  start_date: 2006-08
  end_date: 2006-08

- name: Potfest in the Park
  link: https://potfest.co.uk/in-the-park
  location: Hutton in the Forest, Cumbria
  start_date: 2006-07
  end_date: 2006-07

- name: Ceramics South East
  location: Maidstone, Kent
  start_date: 2006-06
  end_date: 2006-06

- name: Potfest in the Peak
  location: Bakewell, Derbyshire
  start_date: 2006-06
  end_date: 2006-06

- name: ClayArt
  location: Denbigh, North Wales
  start_date: 2006-05
  end_date: 2006-05

- name: Project leader working with Carers
  location: Manchester Art Gallery
  start_date: 2006-02
  end_date: 2006-05

- name: Make It Contemporary Fair
  location: Moorlands House, Leek, Staffordshire
  start_date: 2005-11
  end_date: 2005-11

- name: Ceramique c'est la Fete
  location: Cordes sur Ciel, France
  start_date: 2005-09
  end_date: 2005-09

- name: Keramisto
  link: http://www.keramisto.nl/
  location: Milsbeek, Holland
  start_date: 2005-09
  end_date: 2005-09

- name: Shipston on Sea
  location: Where I Fell In Love Gallery, Shipston on Stour
  start_date: 2005-08
  end_date: 2005-08

- name: Cheshire Artists Network Exhibition
  location: Norton Priory, Cheshire
  start_date: 2005-07
  end_date: 2005-07

- name: Ceramics Fair, Wales
  location: Tredegar House, Newport
  start_date: 2005-07
  end_date: 2005-07

- name: Potfest in the Peak
  location: Bakewell, Derbyshire
  start_date: 2005-06
  end_date: 2005-06

- name: Potfest Bristol
  location: Bristol
  start_date: 2005-05
  end_date: 2005-05

- name: Artist &amp; Designer Fair
  location: Buxton, Derbyshire
  start_date: 2005-05
  end_date: 2005-05

- name: ClayArt
  location: Denbigh, North Wales
  start_date: 2005-05
  end_date: 2005-05

- name: Ceramics &amp; Pottery Fair
  location: Waddeson Manor, Berkshire Marine Craft
  start_date: 2005-05
  end_date: 2005-05

- name: Marine Craft
  location: Ropewalk Gallery, Barton on Humber
  start_date: 2005-05
  end_date: 2005-05

- name: Spring Exhibition
  location: Wonderwall Gallery, Cirencester
  start_date: 2005-05
  end_date: 2005-05

- name: Artist &amp; Designer Fair
  location: Pavilion Gardens, Buxton
  start_date: 2005-03
  end_date: 2005-03

- name: Beautiful Things, Gorgeous Stuff
  location: Ashton-Under-Lyne Art Gallery
  start_date: 2004-12
  end_date: 2005-01

- name: Foyer Exhibition
  location: Gladstone Museum, Stoke on Trent
  start_date: 2004-10
  end_date: 2004-12

- name: Cheshire Open Studios
  link: https://cheshireopenstudios.org.uk/
  location: 16 Vale Head
  start_date: 2004-12
  end_date: 2004-12

- name: Craft Cafe
  location: Northern Lawn Tennis Club, Didsbury,
  start_date: 2004-12
  end_date: 2004-12

- name: Art in Clay
  start_date: 2004-11
  end_date: 2004-11
  link: https://www.artinclay.co.uk/
  location: The Maltings, Farnham

- name: East Cheshire Hospice Art Exhibition
  link: http://www.theartofcaring.org.uk/
  location: Macclesfield Town Hall
  start_date: 2004-09
  end_date: 2004-09

- name: Cheshire Open Studios
  link: https://cheshireopenstudios.org.uk/
  location: Handforth, Cheshire
  start_date: 2004-09
  end_date: 2004-09

- name: The Sculpture Show
  location: Mottram Hall, Cheshire
  start_date: 2004-07
  end_date: 2004-07

- name: Terralha Potters Festival
  location: St Quentin le Poterie, France
  start_date: 2004-07
  end_date: 2004-07

- name: Beyond the Sea
  location: Ropewalk Contemporary Art, Barton-on-Humber
  start_date: 2004-06
  end_date: 2004-07

- name: Sheffield Art Market
  location: Sheffield
  start_date: 2004-06
  end_date: 2004-06

- name: Rites of Spring
  location: Bluebell Arts Centre, Banford Hall, Hyde
  start_date: 2004-05
  end_date: 2004-06

- name: Clay Art
  location: Denbigh, North Wales
  start_date: 2004-05
  end_date: 2004-05

- name: SeaSpirit
  location: Byard Art, Cambridge
  start_date: 2004-05
  end_date: 2004-05

- name: Christmas Arts Market
  location: Harley Gallery, Nottinghamshire
  start_date: 2003-11
  end_date: 2003-11

- name: Art in Clay
  link: https://www.artinclay.co.uk/
  location: Farnham
  start_date: 2003-11
  end_date: 2003-11

- name: Cheshire Open Studios
  link: https://cheshireopenstudios.org.uk/
  location: Handforth, Cheshire
  start_date: 2003-09
  end_date: 2003-09

- name: Potfest in the Park
  link: https://potfest.co.uk/in-the-park
  location: Penrith
  start_date: 2003-07
  end_date: 2003-07

- name: Ceramics in the City
  location: Geffrye Museum, London
  start_date: 2003-06
  end_date: 2003-06

- name: Expression
  location: London W1, Showcase for N/W creative industries
  start_date: 2003-06
  end_date: 2003-06

- name: Form &amp; Fable
  location: The Old Bakehouse, Chichester
  start_date: 2003-05
  end_date: 2003-05

- name: Clay Art (including demonstration)
  location: Denbigh, North Wales
  start_date: 2003-05
  end_date: 2003-05

- name: Spring into Summer
  location: Steading Gallery, Kirkcudbright, Scotland
  start_date: 2003-05
  end_date: 2003-05
- name: Workshop-Ceramic Animals
  location: Quarrybank Mill, Styal, Cheshire
  start_date: 2003-02
  end_date: 2003-02


- name: British Craft Trade Fair
  location: Harrogate
  start_date: 2003-05
  end_date: 2003-05
